opcua_ms,mqtt_ms,database_ms,total_ms
68.239,1.079,41.606,110.924
69.351,1.116,9.414,79.881
69.669,1.131,9.301,80.101
69.998,0.902,9.287,80.187
20.584,0.904,8.742,30.23
73.085,1.43,20.833,95.348
73.448,1.393,20.888,95.729
73.661,1.273,20.92,95.854
73.856,1.263,20.786,95.905
73.983,1.229,20.735,95.947
24.334,1.138,20.514,45.986
18.533,0.96,42.138,61.631
68.607,1.27,12.445,82.322
69.001,23.575,60.111,152.687
69.281,24.028,59.663,152.972
68.422,0.951,66.299,135.672
18.927,1.002,29.123,49.052
68.796,1.201,49.597,119.594
69.092,1.252,49.456,119.8
69.275,1.171,49.461,119.907
69.482,1.156,49.324,119.962
69.659,1.082,49.266,120.007
20.124,1.063,48.934,70.121
19.293,1.282,40.226,60.801
18.5,1.171,43.242,62.913
18.813,1.189,43.172,63.174
68.746,1.131,13.712,83.589
19.064,1.155,13.602,33.821
19.311,1.052,30.953,51.316
19.626,1.066,30.885,51.577
19.903,0.886,30.852,51.641
20.205,1.604,29.886,51.695
20.715,1.23,29.795,51.74
67.985,0.931,42.296,111.212
18.377,1.008,3.57,22.955
18.85,1.08,11.733,31.663
18.601,1.056,22.003,41.66
67.994,1.155,33.867,103.016
68.288,1.192,33.808,103.288
68.468,1.155,33.731,103.354
19.651,1.168,47.351,68.17
19.975,1.172,47.32,68.467
20.299,0.943,47.316,68.558
20.581,1.181,46.864,68.626
20.765,1.11,46.815,68.69
68.835,1.012,8.768,78.615
19.627,1.107,25.201,45.935
68.483,1.379,28.533,98.395
68.856,1.362,28.461,98.679
19.15,1.16,28.495,48.805
19.531,0.995,28.346,48.872
19.028,1.161,41.421,61.61
19.383,1.119,41.309,61.811
19.661,0.935,41.324,61.92
19.919,1.131,40.921,61.971
20.225,0.945,40.843,62.013
68.806,0.988,17.044,86.838
19.073,0.941,36.631,56.645
69.935,1.605,36.724,108.264
70.604,1.257,36.828,108.689
70.962,0.995,36.813,108.77
21.283,0.946,36.598,58.827
18.239,0.921,7.455,26.615
70.248,1.347,17.771,89.366
70.573,1.357,17.663,89.593
70.776,1.253,17.663,89.692
70.938,1.274,17.535,89.747
71.062,1.246,17.483,89.791
21.303,1.108,17.466,39.877
18.997,1.062,31.39,51.449
20.156,1.284,26.279,47.719
20.551,1.045,26.407,48.003
20.739,1.086,26.239,48.064
20.907,1.049,26.282,48.238
18.794,1.19,36.515,56.499
21.483,1.292,48.079,70.854
21.927,1.199,49.777,72.903
22.224,1.004,49.804,73.032
22.542,1.294,49.253,73.089
22.729,1.24,49.18,73.149
69.015,0.99,14.959,84.964
19.101,1.129,26.659,46.889
15.711,0.915,22.397,39.023
16.456,1.053,39.355,56.864
16.752,1.061,39.354,57.167
17.025,0.879,39.323,57.227
66.235,1.055,49.652,116.942
67.116,1.529,14.552,83.197
67.484,1.497,14.433,83.414
67.68,1.397,14.403,83.48
67.845,1.496,14.187,83.528
68.043,1.396,14.129,83.568
18.381,1.17,14.057,33.608
16.374,1.044,27.219,44.637
16.32,1.191,47.927,65.438
65.593,1.08,16.626,83.299
65.901,0.924,16.675,83.5
66.237,0.803,16.54,83.58
65.475,0.927,50.997,117.399
22.618,1.684,28.516,52.818
22.891,1.795,28.416,53.102
23.01,1.774,28.377,53.161
23.137,1.869,28.2,53.206
23.246,1.872,28.13,53.248
23.35,1.878,28.06,53.288
65.434,1.076,49.426,115.936
16.362,0.947,7.02,24.329
66.448,1.376,14.572,82.396
66.731,1.399,14.562,82.692
66.859,1.373,14.531,82.763
16.972,1.456,14.383,32.811
16.01,0.93,9.402,26.342
66.223,0.99,20.595,87.808
66.465,1.042,20.605,88.112
66.692,0.921,20.564,88.177
66.976,0.921,20.393,88.29
67.182,0.818,20.352,88.352
17.36,0.753,20.291,38.404
15.746,0.993,49.135,65.874
16.297,1.116,16.279,33.692
16.614,1.139,16.116,33.869
15.609,0.819,32.692,49.12
15.612,1.278,16.498,33.388
15.726,1.364,29.799,46.889
15.973,1.285,29.892,47.15
16.085,1.4,29.73,47.215
16.184,1.397,29.683,47.264
16.278,1.409,29.621,47.308
66.22,1.01,46.142,113.372
16.845,1.178,23.612,41.635
16.509,1.268,48.911,66.688
15.55,1.065,29.847,46.462
16.119,1.281,26.32,43.72
16.451,1.314,26.359,44.124
16.832,1.035,26.342,44.209
16.495,0.913,20.337,37.745
66.061,1.078,39.383,106.522
66.327,1.144,39.313,106.784
66.589,0.978,39.545,107.112
66.835,0.892,39.719,107.446
67.011,0.807,39.822,107.64
17.114,0.824,39.76,57.698
16.233,0.908,12.12,29.261
16.373,0.928,30.411,47.712
16.629,0.987,30.343,47.959
16.847,0.866,30.307,48.02
16.552,0.895,11.893,29.34
15.569,0.882,46.452,62.903
69.996,1.126,10.708,81.83
70.222,1.319,10.553,82.094
70.339,1.313,10.507,82.159
70.441,1.415,10.351,82.207
70.659,1.3,10.29,82.249
20.776,1.296,10.217,32.289
15.21,0.894,25.138,41.242
16.032,0.957,76.639,93.628
16.399,0.876,41.31,58.585
65.612,1.152,13.15,79.914
65.872,1.223,13.066,80.161
66.092,1.108,13.021,80.221
16.017,1.449,27.624,45.09
16.265,1.58,27.483,45.328
16.385,1.566,27.469,45.42
16.492,1.652,27.38,45.524
16.596,1.648,27.331,45.575
66.733,1.231,16.351,84.315
17.026,1.339,16.429,34.794
16.535,1.011,36.493,54.039
66.751,1.364,20.423,88.538
67.062,1.391,20.293,88.746
67.295,1.262,20.273,88.83
17.445,1.318,20.115,38.878
65.795,1.167,36.606,103.568
66.031,1.171,36.606,103.808
66.247,1.046,36.597,103.89
66.523,1.036,36.38,103.939
66.648,1.008,36.322,103.978
16.758,1.0,36.259,54.017
16.863,0.975,36.221,54.059
15.314,0.932,5.042,21.288
16.009,1.236,50.252,67.497
16.35,1.061,50.302,67.713
16.659,1.024,50.086,67.769
15.906,0.988,10.707,27.601
16.348,0.99,23.184,40.522
15.794,1.288,38.105,55.187
16.086,1.258,38.157,55.501
16.258,1.178,38.131,55.567
16.53,1.126,37.961,55.617
16.698,1.05,37.914,55.662
65.544,0.961,47.23,113.735
16.226,1.113,11.632,28.971
65.628,1.593,1.917,69.138
66.043,1.507,1.8,69.35
66.22,1.433,1.773,69.426
65.419,0.959,9.764,76.142
17.067,0.998,19.053,37.118
67.236,1.462,32.561,101.259
67.54,1.41,32.552,101.502
67.716,1.331,32.679,101.726
67.892,1.37,32.533,101.795
68.199,1.161,32.485,101.845
18.439,1.03,32.42,51.889
15.875,0.891,3.049,19.815
65.831,1.228,14.97,82.029
66.128,1.299,15.08,82.507
66.342,1.196,15.099,82.637
16.528,1.237,14.933,32.698
16.201,1.084,41.469,58.754
16.665,1.352,48.682,66.699
16.986,1.21,49.018,67.214
17.18,1.247,48.89,67.317
17.361,1.168,48.845,67.374
17.566,1.077,48.904,67.547
66.37,0.976,14.509,81.855
16.931,1.01,27.842,45.783
15.575,0.846,25.705,42.126
16.14,0.907,41.068,58.115
15.304,1.066,2.722,19.092
15.513,1.189,2.627,19.329
15.629,1.179,2.581,19.389
67.265,1.145,11.469,79.879
67.596,1.119,11.464,80.179
67.838,0.972,11.433,80.243
68.098,0.936,11.256,80.29
68.223,0.908,11.228,80.359
18.328,0.909,11.167,30.404
15.326,0.816,30.115,46.257
15.934,0.972,46.262,63.168
16.174,1.083,46.166,63.423
16.393,0.967,46.123,63.483
15.549,0.94,16.899,33.388
65.06,0.835,35.68,101.575
15.864,0.89,16.143,32.897
16.082,0.976,16.077,33.135
16.272,0.882,16.08,33.234
16.525,0.772,16.025,33.322
16.635,0.746,15.994,33.375
65.341,0.796,27.198,93.335
16.18,0.793,42.374,59.347
16.038,0.931,39.666,56.635
12.613,1.229,11.369,25.211
12.95,1.043,11.504,25.497
13.129,1.095,11.338,25.562
12.302,0.958,19.998,33.258
13.075,1.332,31.248,45.655
13.426,1.333,31.266,46.025
13.766,1.092,31.285,46.143
14.022,1.021,31.158,46.201
14.307,1.11,30.83,46.247
62.702,1.075,51.546,115.323
13.028,1.073,51.559,65.66
13.836,1.104,47.433,62.373
63.98,1.316,7.691,72.987
64.322,1.279,7.67,73.271
64.522,1.222,7.625,73.369
13.454,0.949,17.751,32.154
12.753,1.132,32.875,46.76
13.034,1.16,32.784,46.978
13.221,1.103,32.711,47.035
13.388,1.09,32.604,47.082
13.673,0.891,32.562,47.126
61.959,1.023,32.229,95.211
12.219,1.072,32.162,45.453
12.313,0.978,30.777,44.068
12.136,0.911,49.534,62.581
12.357,1.042,49.403,62.802
12.561,0.94,49.354,62.855
62.161,0.813,20.86,83.834
14.092,0.948,30.242,45.282
12.776,1.153,40.77,54.699
13.08,1.033,40.897,55.01
13.265,1.072,40.74,55.077
13.432,1.0,40.72,55.152
13.685,0.856,40.667,55.208
62.935,0.995,2.726,66.656
11.973,0.937,46.161,59.071
63.238,1.224,13.164,77.626
63.545,6.359,8.019,77.923
63.719,6.544,7.732,77.995
62.559,0.982,25.957,89.498
13.457,0.831,31.841,46.129
63.067,1.101,43.421,107.589
63.335,1.184,43.327,107.846
63.521,1.129,43.27,107.92
63.696,1.112,43.166,107.974
63.866,1.032,43.121,108.019
14.077,0.928,43.057,58.062
13.094,0.847,36.111,50.052
13.37,1.124,2.531,17.025
13.656,1.13,2.418,17.204
13.832,1.054,2.403,17.289
63.26,1.057,18.999,83.316
44.174,9.65,9.45,63.274
12.494,0.97,22.716,36.18
12.795,0.995,22.666,36.456
13.079,0.804,22.675,36.558
13.578,0.871,22.168,36.617
14.019,0.549,22.092,36.66
63.248,0.862,33.413,97.523
13.404,1.091,28.156,42.651
13.306,1.135,43.268,57.709
13.623,1.158,43.182,57.963
13.804,1.077,43.148,58.029
13.837,0.982,25.474,40.293
12.812,0.987,35.003,48.802
12.451,1.181,9.129,22.761
12.739,1.189,9.081,23.009
12.924,1.104,9.045,23.073
13.093,1.071,8.956,23.12
13.348,0.901,8.911,23.16
63.084,1.058,11.1,75.242
13.439,0.942,21.094,35.475
13.195,1.758,42.944,57.897
63.681,1.209,9.75,74.64
63.987,1.252,9.691,74.93
64.171,1.188,9.635,74.994
63.04,1.126,21.389,85.555
63.377,1.497,74.09,138.964
63.689,1.721,73.836,139.246
63.879,1.888,73.546,139.313
64.052,2.24,73.07,139.362
64.336,2.3,72.771,139.407
14.467,2.713,72.27,89.45
12.514,0.85,35.3,48.664
12.593,0.974,8.094,21.661
12.436,1.181,27.764,41.381
12.803,1.109,27.882,41.794
13.0,0.994,27.883,41.877
62.789,0.971,47.999,111.759
63.828,1.169,46.373,111.37
64.193,1.253,46.247,111.693
64.446,1.077,46.243,111.766
64.918,0.972,45.927,111.817
65.416,0.665,45.78,111.861
15.778,0.762,45.363,61.903
14.013,1.243,7.433,22.689
13.791,0.869,23.928,38.588
12.787,1.262,36.556,50.605
13.161,1.233,36.429,50.823
13.365,1.118,36.401,50.884
63.427,0.947,45.131,109.505
14.116,1.035,48.912,64.063
62.605,0.986,10.021,73.612
62.874,0.948,10.058,73.88
63.054,0.842,10.059,73.955
63.219,0.843,9.948,74.01
63.382,0.741,9.934,74.057
13.543,0.647,9.912,24.102
12.068,0.917,27.062,40.047
12.217,2.159,37.587,51.963
12.521,2.106,37.584,52.211
12.684,2.023,37.57,52.277
13.881,0.885,20.676,35.442
12.492,0.907,71.78,85.179
63.867,1.063,30.898,95.828
64.171,1.063,30.845,96.079
64.463,0.867,30.835,96.165
64.753,1.313,30.153,96.219
65.139,1.044,30.081,96.264
15.545,0.919,29.843,46.307
12.075,0.881,48.983,61.939
12.291,1.127,12.291,25.709
12.584,0.991,12.392,25.967
12.799,1.001,12.247,26.047
13.639,0.929,23.203,37.771
12.495,1.032,40.323,53.85
12.858,1.19,41.599,55.647
13.154,1.228,41.54,55.922
13.365,1.117,41.519,56.001
13.552,1.057,41.445,56.054
13.807,0.885,41.41,56.102
63.121,0.944,4.456,68.521
11.994,0.871,23.647,36.512
64.563,1.426,33.79,99.779
65.017,1.34,33.761,100.118
65.222,1.241,33.74,100.203
12.47,0.928,10.527,23.925
14.054,1.028,23.647,38.729
62.215,1.141,19.047,82.403
62.512,1.164,19.037,82.713
62.701,1.075,19.002,82.778
62.89,1.113,18.827,82.83
63.062,1.041,18.809,82.912
13.489,1.177,18.293,32.959
12.876,0.857,33.732,47.465
12.368,1.126,48.084,61.578
12.686,1.115,48.084,61.885
12.978,0.915,48.083,61.976
64.117,0.971,24.776,89.864
12.023,0.94,41.661,54.624
64.219,1.275,33.784,99.278
64.575,1.107,33.924,99.606
64.761,1.135,33.796,99.692
64.924,1.064,33.765,99.753
65.215,1.155,33.436,99.806
15.37,1.093,33.4,49.863
16.495,1.655,47.776,65.926
62.676,1.181,19.359,83.216
62.986,1.187,19.315,83.488
63.169,1.096,19.293,83.558
13.526,0.887,38.141,52.554
13.604,1.165,47.829,62.598
13.244,1.191,44.39,58.825
13.561,1.198,44.304,59.063
13.736,1.116,44.272,59.124
13.898,1.165,44.109,59.172
14.012,1.154,44.05,59.216
62.722,0.872,14.064,77.658
12.096,0.941,25.497,38.534
62.576,1.331,46.287,110.194
62.933,1.318,46.207,110.458
63.114,1.232,46.186,110.532
13.396,1.135,46.053,60.584
59.954,0.963,10.277,71.194
61.049,1.066,8.966,71.081
61.347,13.549,66.53,141.426
61.617,13.983,66.11,141.71
61.791,14.03,65.942,141.763
62.054,14.227,65.522,141.803
12.515,13.973,65.352,91.84
11.006,1.047,39.119,51.172
10.703,0.954,2.299,13.956
10.176,1.166,43.616,54.958
10.455,1.204,43.533,55.192
10.632,1.122,43.487,55.241
59.887,1.016,4.236,65.139
60.178,1.232,46.882,108.292
60.474,1.249,46.789,108.512
60.686,1.128,46.747,108.561
60.933,1.057,46.612,108.602
61.234,1.153,46.256,108.643
11.41,1.101,46.169,58.68
10.112,1.077,11.389,22.578
10.521,0.967,34.061,45.549
60.542,1.177,48.927,110.646
60.823,1.211,48.945,110.979
61.004,1.123,48.923,111.05
10.422,1.01,9.644,21.076
10.139,1.22,48.856,60.215
10.439,1.233,48.837,60.509
10.613,1.15,48.809,60.572
10.857,1.085,48.682,60.624
11.175,0.927,48.561,60.663
60.83,0.924,11.215,72.969
9.863,0.975,20.158,30.996
10.877,1.023,33.6,45.5
60.456,1.127,5.093,66.676
60.806,0.94,5.147,66.893
61.14,0.82,5.001,66.961
10.402,0.897,16.628,27.927
60.733,1.207,41.324,103.264
61.021,1.236,41.183,103.44
61.202,1.181,41.114,103.497
61.441,1.135,40.97,103.546
61.629,1.041,40.919,103.589
12.108,1.376,40.292,53.776
12.577,1.019,40.358,53.954
10.619,0.913,15.975,27.507
60.522,1.12,29.342,90.984
60.867,1.085,29.288,91.24
61.167,0.919,29.225,91.311
61.474,0.917,28.971,91.362
10.306,0.82,38.091,49.217
61.23,1.151,49.133,111.514
61.601,1.087,49.07,111.758
61.905,0.877,49.037,111.819
62.206,1.433,48.443,112.082
62.402,1.367,48.37,112.139
12.594,1.461,48.127,62.182
10.289,0.973,20.276,31.538
60.656,1.149,26.931,88.736
60.958,1.159,26.925,89.042
61.136,1.074,26.88,89.09
10.653,1.046,44.817,56.516
60.518,1.027,5.893,67.438
10.497,1.056,15.295,26.848
10.777,0.922,15.409,27.108
11.021,0.879,15.573,27.473
11.298,1.155,15.087,27.54
11.444,1.129,15.013,27.586
60.083,1.118,24.377,85.578
10.062,0.958,36.085,47.105
10.4,1.254,84.244,95.898
10.709,1.621,83.784,96.114
10.995,1.462,83.707,96.164
60.874,1.135,49.039,111.048
11.164,1.195,48.926,61.285
10.163,0.929,14.886,25.978
11.126,1.06,29.133,41.319
11.404,1.086,29.074,41.564
11.712,0.869,29.033,41.614
12.091,1.404,28.157,41.652
12.524,1.086,28.079,41.689
61.061,1.052,39.132,101.245
10.387,1.056,44.642,56.085
61.328,1.063,18.429,80.82
61.634,1.066,18.355,81.055
61.924,0.868,18.316,81.108
60.065,1.076,41.984,103.125
10.571,0.891,50.547,62.009
11.165,1.121,10.581,22.867
11.422,1.255,10.45,23.127
11.529,1.247,10.403,23.179
11.758,1.235,10.249,23.242
11.927,1.175,10.182,23.284
60.429,1.029,20.493,81.951
10.768,0.973,41.093,52.834
10.88,1.255,8.712,20.847
11.247,1.248,8.617,21.112
11.56,1.035,8.568,21.163
60.879,1.302,19.551,81.732
11.25,1.316,19.47,32.036
10.891,1.275,41.277,53.443
11.184,1.323,41.36,53.867
11.386,1.222,41.368,53.976
11.551,1.293,41.184,54.028
11.681,1.269,41.154,54.104
60.729,0.94,10.184,71.853
10.954,1.372,59.079,71.405
10.647,1.357,32.886,44.89
10.99,1.351,32.866,45.207
11.167,1.276,32.823,45.266
60.209,0.921,47.935,109.065
10.857,1.346,9.339,21.542
11.173,1.355,9.302,21.83
11.348,1.288,9.256,21.892
11.618,1.234,9.089,21.941
11.833,1.13,9.03,21.993
60.575,1.252,20.558,82.385
10.647,0.971,32.386,44.004
11.172,1.163,39.389,51.724
10.954,1.365,13.123,25.442
11.442,1.046,13.153,25.641
11.736,0.998,12.956,25.69
10.97,1.014,24.694,36.678
10.693,1.243,37.762,49.698
10.988,1.257,37.681,49.926
11.185,1.162,37.641,49.988
11.362,1.228,37.447,50.037
11.541,1.152,37.454,50.147
60.605,1.065,1.577,63.247
10.692,1.065,21.421,33.178
11.263,1.167,41.427,53.857
10.907,1.043,10.367,22.317
61.186,1.549,24.913,87.648
61.525,1.589,24.851,87.965
61.833,1.394,24.808,88.035
10.836,1.437,50.974,63.247
11.201,1.424,50.891,63.516
11.401,1.331,50.864,63.596
11.563,1.372,50.708,63.643
11.736,1.317,50.632,63.685
61.513,1.108,12.142,74.763
10.813,1.242,23.762,35.817
10.208,1.049,35.222,46.479
10.945,1.075,47.463,59.483
60.899,1.298,40.792,102.989
61.289,1.267,40.724,103.28
61.497,1.163,40.679,103.339
11.328,1.165,24.554,37.047
11.18,1.155,45.727,58.062
11.498,0.99,45.862,58.35
11.835,0.894,45.682,58.411
12.136,1.267,45.059,58.462
12.323,1.2,44.983,58.506
60.872,1.159,17.495,79.526
11.076,1.086,27.403,39.565
11.403,1.454,8.398,21.255
11.915,1.244,8.419,21.578
12.202,1.029,8.405,21.636
61.082,1.347,21.609,84.038
10.726,1.099,34.16,45.985
60.765,1.009,46.733,108.507
61.06,0.994,46.761,108.815
61.316,0.813,46.758,108.887
61.477,0.8,46.66,108.937
61.941,1.694,45.35,108.985
12.425,1.329,45.275,59.029
10.336,0.962,7.678,18.976
8.674,1.187,26.381,36.242
9.037,1.107,26.544,36.688
9.322,0.892,26.57,36.784
9.609,0.805,26.419,36.833
7.868,1.151,49.877,58.896
8.056,1.134,13.093,22.283
8.389,1.106,13.067,22.562
8.669,0.916,13.031,22.616
8.958,0.954,12.748,22.66
9.084,0.945,12.672,22.701
58.625,1.234,29.418,89.277
8.38,1.12,43.251,52.751
8.003,1.024,40.274,49.301
58.38,1.125,48.926,108.431
58.727,0.942,49.177,108.846
58.994,0.903,49.036,108.933
8.216,1.036,9.657,18.909
58.578,1.453,17.197,77.228
58.964,1.442,17.174,77.58
59.16,1.366,17.135,77.661
59.319,1.339,17.062,77.72
59.478,1.267,17.062,77.807
9.745,1.101,17.008,27.854
7.991,1.076,34.606,43.673
7.899,1.199,7.351,16.449
57.644,1.302,71.537,130.483
57.965,1.395,71.372,130.732
58.161,1.663,70.98,130.804
57.467,0.924,35.92,94.311
7.907,0.97,47.377,56.254
57.336,0.989,9.953,68.278
57.615,1.011,9.907,68.533
57.907,0.815,9.876,68.598
58.153,1.401,9.091,68.645
58.502,1.212,8.975,68.689
8.925,1.091,8.715,18.731
8.135,1.246,22.219,31.6
7.847,1.034,30.118,38.999
58.119,1.113,3.525,62.757
58.439,1.098,3.477,63.014
58.828,0.789,3.486,63.103
7.864,0.907,32.973,41.744
8.437,1.124,20.939,30.5
8.729,1.263,20.816,30.808
9.022,1.08,20.804,30.906
9.283,1.001,20.711,30.995
9.464,0.893,20.716,31.073
58.066,1.16,2.395,61.621
8.129,0.878,51.114,60.121
8.379,1.323,23.604,33.306
8.72,1.267,23.685,33.672
8.908,1.157,23.704,33.769
8.449,1.429,16.384,26.262
8.054,1.149,111.61,120.813
58.504,1.468,26.2,86.172
58.818,1.471,26.14,86.429
58.992,1.4,26.159,86.551
59.171,1.408,26.084,86.663
59.332,1.316,26.629,87.277
9.494,1.219,26.671,37.384
7.6,1.049,30.722,39.371
7.952,0.979,32.037,40.968
8.447,0.745,32.151,41.343
8.639,0.621,32.156,41.416
9.11,0.968,31.397,41.475
58.648,1.283,2.832,62.763
8.195,1.203,19.569,28.967
8.526,1.191,19.504,29.221
8.706,1.108,19.606,29.42
8.893,1.099,19.489,29.481
9.191,0.897,19.439,29.527
57.784,1.022,31.114,89.92
8.089,1.299,45.108,54.496
58.653,1.429,2.375,62.457
59.044,2.461,68.047,129.552
59.367,2.496,68.035,129.898
8.278,1.129,52.53,61.937
8.328,1.18,14.081,23.589
8.727,1.355,25.244,35.326
9.117,1.316,25.203,35.636
9.324,1.188,25.186,35.698
9.506,1.141,25.104,35.751
9.682,1.034,25.075,35.791
58.084,1.149,44.057,103.29
7.971,1.208,10.224,19.403
7.678,1.471,32.589,41.738
8.03,1.413,32.59,42.033
8.25,1.265,32.588,42.103
8.598,1.035,32.521,42.154
58.95,1.27,43.567,103.787
8.368,1.167,23.856,33.391
8.744,1.162,23.715,33.621
9.021,0.963,23.736,33.72
9.195,0.946,23.631,33.772
9.361,0.886,23.569,33.816
57.722,0.871,62.266,120.859
19.576,1.063,9.675,30.314
7.534,0.769,56.717,65.02
8.24,1.104,18.909,28.253
8.555,1.057,18.918,28.53
8.848,0.832,18.94,28.62
57.773,0.878,8.886,67.537
57.721,1.251,20.625,79.597
58.027,1.329,20.504,79.86
58.196,1.336,20.392,79.924
58.457,1.209,20.311,79.977
58.777,1.549,19.701,80.027
9.208,1.237,19.63,30.075
7.982,1.199,35.181,44.362
8.356,1.122,46.084,55.562
8.497,1.123,29.247,38.867
8.827,1.083,29.265,39.175
9.102,0.887,29.27,39.259
57.948,1.013,45.684,104.645
8.79,1.357,23.114,33.261
9.165,1.311,23.127,33.603
9.356,1.199,23.295,33.85
9.571,1.144,23.3,34.015
9.857,0.925,23.351,34.133
58.28,1.157,37.316,96.753
8.602,1.145,37.316,47.063
7.45,1.129,40.296,48.875
57.933,1.153,8.112,67.198
58.253,1.159,8.059,67.471
58.585,0.905,8.053,67.543
8.891,0.823,7.878,17.592
7.845,0.961,35.832,44.638
8.206,0.877,35.789,44.872
8.487,0.671,35.771,44.929
8.952,1.02,35.004,44.976
9.436,0.66,34.925,45.021
57.769,1.298,44.485,103.552
8.113,1.232,44.646,53.991
8.332,1.032,12.677,22.041
58.294,1.59,34.682,94.566
58.644,1.4,35.141,95.185
58.818,1.432,35.026,95.276
58.199,1.212,19.44,78.851
8.48,1.28,35.705,45.465
58.459,1.069,48.566,108.094
58.817,1.037,48.545,108.399
59.107,0.825,48.532,108.464
59.639,1.255,47.62,108.514
60.266,0.77,47.526,108.562
10.657,0.612,47.339,58.608
7.845,0.907,14.992,23.744
8.445,1.03,48.229,57.704
57.928,1.157,40.79,99.875
58.275,1.116,40.823,100.214
58.614,0.861,40.81,100.285
7.761,1.168,2.876,11.805
7.936,1.266,18.966,28.168
57.997,1.051,46.175,105.223
8.197,0.919,15.095,24.211
7.744,0.991,19.933,28.668
8.84,1.167,29.91,39.917
9.143,1.184,29.827,40.154
9.312,1.089,29.81,40.211
9.469,1.088,29.724,40.281
9.747,0.932,29.644,40.323
57.902,1.237,38.685,97.824
66.297,1.015,47.998,115.31
54.319,1.079,13.713,69.111
54.626,1.023,13.863,69.512
54.945,0.891,13.962,69.798
5.136,0.771,13.958,19.865
5.852,1.136,43.53,50.518
54.993,1.096,23.913,80.002
55.297,1.024,23.957,80.278
55.6,1.317,23.42,80.337
55.786,1.354,23.244,80.384
55.944,1.268,23.214,80.426
6.223,1.136,23.106,30.465
6.38,1.058,23.066,30.504
3.726,1.274,23.956,28.956
5.503,1.49,35.427,42.42
5.785,1.639,35.406,42.83
5.95,1.647,35.329,42.926
4.089,0.948,50.432,55.469
4.005,1.072,15.425,20.502
54.237,1.57,38.914,94.721
54.516,1.978,38.616,95.11
54.679,1.988,38.598,95.265
54.784,2.055,38.483,95.322
54.875,2.037,38.508,95.42
4.965,2.024,38.562,45.551
4.735,1.085,37.744,43.564
54.164,1.305,9.474,64.943
54.485,1.144,9.664,65.293
54.629,1.195,9.543,65.367
6.344,1.285,19.543,27.172
5.162,1.073,33.842,40.077
54.443,1.921,10.004,66.368
54.735,1.959,9.968,66.662
54.875,1.886,9.963,66.724
54.995,1.907,9.871,66.773
55.095,1.876,9.845,66.816
5.186,1.855,9.816,16.857
4.539,0.973,51.386,56.898
4.832,1.326,31.516,37.674
5.187,1.334,31.399,37.92
5.46,1.147,31.403,38.01
6.224,1.225,45.809,53.258
6.521,1.234,45.776,53.531
6.721,1.806,20.346,28.873
7.087,1.815,20.271,29.173
7.224,1.754,20.291,29.269
7.35,1.752,20.22,29.322
7.461,1.703,20.201,29.365
53.16,0.936,40.38,94.476
4.512,1.135,33.905,39.552
4.37,0.906,38.152,43.428
5.092,1.233,9.314,15.639
5.404,1.284,9.189,15.877
5.529,1.24,9.394,16.163
54.13,0.959,11.34,66.429
8.555,1.411,22.8,32.766
8.797,1.565,22.787,33.149
8.907,1.534,22.792,33.233
9.003,1.564,22.724,33.291
9.095,1.538,22.71,33.343
54.213,1.02,65.789,121.022
5.091,1.002,113.902,119.995
4.519,1.137,43.461,49.117
54.944,1.48,11.527,67.951
55.275,1.843,11.319,68.437
55.405,1.901,11.242,68.548
54.244,1.032,30.341,85.617
56.92,1.341,47.725,105.986
57.152,1.441,47.637,106.23
57.346,1.424,47.525,106.295
57.619,1.378,47.346,106.343
57.704,1.459,47.225,106.388
7.854,1.489,47.091,56.434
3.796,0.958,52.294,57.048
3.445,1.004,25.861,30.31
54.098,1.115,8.246,63.459
54.342,1.145,8.241,63.728
54.463,1.097,8.24,63.8
54.754,0.929,8.207,63.89
6.057,0.958,37.668,44.683
6.285,1.007,37.661,44.953
6.493,0.875,37.641,45.009
6.646,0.856,37.555,45.057
7.03,0.533,37.538,45.101
53.508,1.128,26.843,81.479
3.743,1.248,26.737,31.728
6.164,47.016,14.329,67.509
55.202,1.371,42.541,99.114
55.482,1.48,42.501,99.463
55.602,1.46,42.514,99.576
53.72,0.91,8.62,63.25
5.435,1.149,16.9,23.484
54.945,1.089,51.651,107.685
55.262,1.073,51.585,107.92
55.498,0.93,51.55,107.978
55.741,0.943,51.384,108.068
55.906,0.873,51.337,108.116
6.054,0.832,51.272,58.158
4.969,0.888,38.979,44.836
4.256,0.754,27.992,33.002
7.636,1.13,15.063,23.829
7.858,1.22,15.009,24.087
7.984,1.193,14.977,24.154
5.381,1.09,1.977,8.448
3.791,1.0,33.809,38.6
5.663,1.231,49.724,56.618
6.045,1.216,49.625,56.886
6.461,0.9,49.591,56.952
6.769,0.805,50.028,57.602
6.967,0.696,50.1,57.763
54.449,1.185,38.186,93.82
6.235,1.426,29.341,37.002
53.326,1.251,43.932,98.509
53.651,1.105,43.996,98.752
53.883,1.105,43.833,98.821
4.659,0.98,16.99,22.629
4.077,0.915,29.774,34.766
54.31,1.321,33.935,89.566
54.607,1.328,33.921,89.856
54.783,1.25,33.885,89.918
54.94,1.286,33.765,89.991
55.105,1.219,33.712,90.036
5.259,1.18,33.64,40.079
3.727,1.124,1.586,6.437
54.119,1.276,40.208,95.603
54.483,1.229,40.122,95.834
54.658,1.149,40.092,95.899
54.347,1.075,47.14,102.562
4.71,1.098,10.026,15.834
55.274,1.252,38.935,95.461
55.587,1.255,39.097,95.939
55.781,1.163,39.074,96.018
55.947,1.192,38.927,96.066
56.187,1.637,38.288,96.112
6.606,1.334,38.259,46.199
4.179,0.885,20.525,25.589
4.646,1.135,48.002,53.783
5.185,1.001,34.728,40.914
54.16,1.267,17.405,72.832
54.459,1.175,17.82,73.454
54.629,1.247,17.737,73.613
6.987,1.526,43.137,51.65
7.326,1.524,43.024,51.874
7.494,1.459,43.016,51.969
7.652,1.535,42.829,52.016
7.995,1.303,42.761,52.059
53.454,1.021,12.719,67.194
4.637,1.097,33.405,39.139
5.716,1.344,16.778,23.838
6.018,1.35,16.746,24.114
6.195,1.269,16.721,24.185
6.549,1.097,16.59,24.236
54.402,1.32,40.86,96.582
55.951,1.724,39.419,97.094
56.296,1.718,39.338,97.352
56.467,1.638,39.314,97.419
56.624,1.663,39.181,97.468
56.784,1.596,39.135,97.515
7.152,1.325,39.305,47.782
5.587,1.074,17.184,23.845
3.235,0.988,32.047,36.27
53.02,1.418,48.838,103.276
53.383,1.417,48.733,103.533
53.552,1.348,48.684,103.584
106.979,1.033,12.841,120.853
101.854,1.13,30.557,133.541
102.162,1.149,30.484,133.795
102.491,0.92,30.442,133.853
102.685,1.004,30.207,133.896
102.849,0.943,30.147,133.939
53.032,0.876,30.073,83.981
103.035,1.045,38.821,142.901
103.048,1.042,50.828,154.918
52.074,1.253,12.184,65.511
52.477,1.023,12.235,65.735
52.747,1.0,12.182,65.929
102.456,0.878,21.969,125.303
51.737,1.841,36.272,89.85
52.095,1.812,36.208,90.115
52.273,1.773,36.119,90.165
52.446,1.783,35.979,90.208
52.623,1.699,35.932,90.254
102.664,1.162,47.418,151.244
102.965,1.168,47.401,151.534
102.621,1.19,46.46,150.271
102.831,1.324,8.894,113.049
103.135,1.361,8.8,113.296
103.463,1.132,8.754,113.349
102.439,1.108,32.856,136.403
102.033,1.233,45.0,148.266
52.343,1.239,44.957,98.539
52.532,1.146,44.93,98.608
52.698,1.227,44.729,98.654
52.985,1.038,44.674,98.697
102.52,1.077,2.675,106.272
103.394,1.021,13.763,118.178
103.0,0.982,43.383,147.365
102.342,1.123,2.065,105.53
102.632,0.992,2.369,105.993
102.918,0.859,2.868,106.645
103.085,48.49,21.269,172.844
103.257,48.49,21.332,173.079
53.409,48.578,21.152,123.139
103.486,1.029,11.002,115.517
102.874,1.327,36.246,140.447
103.194,1.38,36.124,140.698
103.368,1.309,36.075,140.752
103.082,1.025,1.819,105.926
102.354,1.098,24.134,127.586
53.623,1.177,51.609,106.409
53.944,1.142,51.785,106.871
54.241,0.97,51.756,106.967
54.552,1.034,51.432,107.018
54.717,0.983,51.365,107.065
103.11,1.046,19.045,123.201
102.96,1.031,17.854,121.845
103.141,1.34,49.388,153.869
103.621,1.092,49.377,154.09
103.924,0.96,49.26,154.144
54.127,0.905,49.154,104.186
103.122,0.875,19.136,123.133
52.033,1.485,31.622,85.14
52.34,1.486,31.619,85.445
52.508,1.393,31.621,85.522
52.672,1.431,31.471,85.574
52.985,1.224,31.411,85.62
102.691,0.959,25.546,129.196
104.106,1.222,18.507,123.835
102.469,1.223,40.964,144.656
52.829,1.032,41.108,94.969
53.116,1.035,40.89,95.041
53.306,0.968,40.813,95.087
53.596,1.241,40.296,95.133
52.126,1.095,6.358,59.579
52.436,1.042,6.321,59.799
52.709,0.844,6.33,59.883
52.852,0.878,6.2,59.93
53.038,0.758,6.18,59.976
105.332,0.995,12.168,118.495
3.355,0.975,43.656,47.986
103.858,1.221,18.832,123.911
52.268,1.479,30.424,84.171
52.574,1.501,30.742,84.817
52.749,1.426,31.382,85.557
52.793,1.145,39.94,93.878
52.916,1.649,36.43,90.995
53.353,1.611,36.311,91.275
53.636,1.43,36.329,91.395
53.899,1.365,36.205,91.469
54.155,1.227,36.151,91.533
102.887,1.222,48.114,152.223
103.195,1.311,48.314,152.82
