station,window_start_utc,truth_run_s,truth_planned_s,truth_parts,truth_good,truth_oee,pipeline_run_s,pipeline_planned_s,pipeline_parts,pipeline_good,pipeline_oee
infeed,2026-10-07T15:06:00+00:00,22.0,30.0,14,14,0.746667,22.0,30.0,14,14,0.746667
infeed,2026-10-07T15:06:30+00:00,23.65,30.0,14,14,0.746667,23.65,30.0,14,14,0.746667
infeed,2026-10-07T15:07:00+00:00,23.2,30.0,14,14,0.746667,23.2,30.0,14,14,0.746667
infeed,2026-10-07T15:07:30+00:00,23.1,30.0,13,13,0.693333,23.1,30.0,13,13,0.693333
infeed,2026-10-07T15:08:00+00:00,21.75,30.0,13,13,0.693333,21.75,30.0,13,13,0.693333
infeed,2026-10-07T15:08:30+00:00,22.15,30.0,14,14,0.746667,22.15,30.0,14,14,0.746667
inspection,2026-10-07T15:06:00+00:00,20.65,30.0,14,11,0.513333,20.65,30.0,14,11,0.513333
inspection,2026-10-07T15:06:30+00:00,20.8,30.0,14,14,0.653333,20.8,30.0,14,14,0.653333
inspection,2026-10-07T15:07:00+00:00,19.9,30.0,14,14,0.653333,19.9,30.0,14,14,0.653333
inspection,2026-10-07T15:07:30+00:00,20.85,30.0,14,13,0.606667,20.85,30.0,14,13,0.606667
inspection,2026-10-07T15:08:00+00:00,19.05,30.0,13,13,0.606667,19.05,30.0,13,13,0.606667
inspection,2026-10-07T15:08:30+00:00,18.35,30.0,12,12,0.56,18.35,30.0,12,12,0.56
machining,2026-10-07T15:06:00+00:00,30.0,30.0,14,14,0.933333,30.0,30.0,14,14,0.933333
machining,2026-10-07T15:06:30+00:00,30.0,30.0,14,14,0.933333,30.0,30.0,14,14,0.933333
machining,2026-10-07T15:07:00+00:00,30.0,30.0,14,14,0.933333,30.0,30.0,14,14,0.933333
machining,2026-10-07T15:07:30+00:00,30.0,30.0,13,13,0.866667,30.0,30.0,13,13,0.866667
machining,2026-10-07T15:08:00+00:00,27.65,30.0,13,13,0.866667,27.65,30.0,13,13,0.866667
machining,2026-10-07T15:08:30+00:00,30.0,30.0,14,13,0.866667,30.0,30.0,14,13,0.866667
