scenario,seed,produced,missing,wire_missing,wire_duplicates,windows,wrong_windows,wrong_windows_right_counts,wrong_part_count_windows,worst_oee_error_pp,worst_availability_error_pp,parts_truth,parts_pipeline
gateway_no_replay,1,2578,337,0,0,48,6,0,6,100.0,68.0,652,652
gateway_no_replay,2,2561,336,0,0,48,6,0,6,100.0,78.66666666666666,639,639
gateway_no_replay,3,2621,319,0,0,48,6,0,6,100.0,35.333333333333336,659,659
gateway_no_replay,4,2632,335,0,0,48,7,0,7,130.66666666666666,33.666666666666664,661,661
gateway_no_replay,5,2420,271,0,0,48,6,0,6,100.0,66.5,593,593
gateway_replay_30,1,2578,171,0,0,48,6,0,6,100.0,68.0,652,652
gateway_replay_30,2,2561,169,0,0,48,6,0,6,100.0,78.66666666666666,639,639
gateway_replay_30,3,2621,163,0,0,48,6,0,6,100.0,33.833333333333336,659,659
gateway_replay_30,4,2632,171,0,0,48,6,0,6,100.0,33.666666666666664,661,661
gateway_replay_30,5,2420,167,0,0,48,6,0,6,100.0,66.5,593,593
gateway_replay_120,1,2578,0,0,0,48,0,0,0,0.0,0.0,652,652
gateway_replay_120,2,2561,0,0,0,48,0,0,0,0.0,0.0,639,639
gateway_replay_120,3,2621,0,0,0,48,0,0,0,0.0,0.0,659,659
gateway_replay_120,4,2632,0,0,0,48,0,0,0,0.0,0.0,661,661
gateway_replay_120,5,2420,0,0,0,48,0,0,0,0.0,0.0,593,593
broker_qos0,1,2578,346,346,0,48,9,0,9,193.33333333333337,68.0,652,652
broker_qos0,2,2561,345,345,0,48,9,0,9,193.33333333333334,78.66666666666666,639,639
broker_qos0,3,2621,328,328,0,48,9,0,9,173.33333333333331,35.333333333333336,659,659
broker_qos0,4,2632,345,345,0,48,9,0,9,186.66666666666663,33.666666666666664,661,661
broker_qos0,5,2420,281,281,0,48,9,0,9,146.66666666666669,85.00000000000001,593,593
broker_qos1,1,2578,0,0,0,48,0,0,0,0.0,0.0,652,652
broker_qos1,2,2561,0,0,0,48,0,0,0,0.0,0.0,639,639
broker_qos1,3,2621,0,0,0,48,0,0,0,0.0,0.0,659,659
broker_qos1,4,2632,0,0,0,48,0,0,0,0.0,0.0,661,661
broker_qos1,5,2420,0,0,0,48,0,0,0,0.0,0.0,593,593
broker_qos1_redelivery,1,2578,0,0,8,48,0,0,0,0.0,0.0,652,652
broker_qos1_redelivery,2,2561,0,0,8,48,0,0,0,0.0,0.0,639,639
broker_qos1_redelivery,3,2621,0,0,8,48,0,0,0,0.0,0.0,659,659
broker_qos1_redelivery,4,2632,0,0,8,48,0,0,0,0.0,0.0,661,661
broker_qos1_redelivery,5,2420,0,0,8,48,0,0,0,0.0,0.0,593,593
