seed,station,windows,truth_parts,pipeline_parts,truth_good_parts,pipeline_good_parts,truth_availability,pipeline_availability,truth_performance,pipeline_performance,truth_quality,pipeline_quality,truth_oee,pipeline_oee
1,infeed,120,1427,1427,1427,1427,0.7282424242424242,0.7282424242424242,0.9500665778961387,0.9500665778961387,1.0,1.0,0.691878787878788,0.691878787878788
1,machining,120,1422,1422,1376,1376,0.9293030303030303,0.9293030303030303,0.9273812241171292,0.9273812241171292,0.9676511954992968,0.9676511954992968,0.833939393939394,0.833939393939394
1,inspection,120,1375,1375,1308,1308,0.6118333333333333,0.6118333333333333,0.9534186870062652,0.9534186870062652,0.9512727272727273,0.9512727272727273,0.5549090909090908,0.5549090909090908
2,infeed,120,1443,1443,1443,1443,0.7349242424242424,0.7349242424242424,0.9519843315122153,0.9519843315122153,1.0,1.0,0.6996363636363636,0.6996363636363636
2,machining,120,1438,1438,1383,1383,0.9413030303030303,0.9413030303030303,0.925860348324373,0.925860348324373,0.9617524339360223,0.9617524339360223,0.8381818181818181,0.8381818181818181
2,inspection,120,1383,1383,1339,1339,0.6152878787878788,0.6152878787878788,0.9535817183382993,0.9535817183382993,0.9681851048445409,0.9681851048445409,0.5680606060606062,0.5680606060606062
3,infeed,120,1470,1470,1470,1470,0.7477727272727273,0.7477727272727273,0.9531335481125767,0.9531335481125767,1.0,1.0,0.7127272727272727,0.7127272727272727
3,machining,120,1465,1465,1419,1419,0.9569848484848484,0.9569848484848484,0.9277877171039091,0.9277877171039091,0.9686006825938567,0.9686006825938567,0.86,0.86
3,inspection,120,1419,1419,1353,1353,0.6331969696969697,0.6331969696969697,0.950731018640377,0.950731018640377,0.9534883720930233,0.9534883720930233,0.574,0.574
4,infeed,120,1482,1482,1482,1482,0.7528939393939394,0.7528939393939394,0.9543780563884808,0.9543780563884808,1.0,1.0,0.7185454545454546,0.7185454545454546
4,machining,120,1477,1477,1427,1427,0.9653787878787878,0.9653787878787878,0.9272541787648121,0.9272541787648121,0.96614759647935,0.96614759647935,0.8648484848484848,0.8648484848484848
4,inspection,120,1427,1427,1382,1382,0.6345757575757576,0.6345757575757576,0.9540136574184614,0.9540136574184614,0.9684653118430273,0.9684653118430273,0.5863030303030303,0.5863030303030303
5,infeed,120,1475,1475,1475,1475,0.7502575757575758,0.7502575757575758,0.9532079891754347,0.9532079891754347,1.0,1.0,0.7151515151515152,0.7151515151515152
5,machining,120,1470,1470,1418,1418,0.9622121212121212,0.9622121212121212,0.9258967656599376,0.9258967656599376,0.964625850340136,0.964625850340136,0.8593939393939394,0.8593939393939394
5,inspection,120,1417,1417,1351,1351,0.6301363636363636,0.6301363636363636,0.9540022602130371,0.9540022602130371,0.9534227240649259,0.9534227240649259,0.5731515151515151,0.5731515151515151
6,infeed,120,1459,1459,1459,1459,0.7419545454545454,0.7419545454545454,0.9534195103024363,0.9534195103024363,1.0,1.0,0.7073939393939395,0.7073939393939395
6,machining,120,1454,1454,1414,1414,0.9518030303030303,0.9518030303030303,0.9258345405052611,0.9258345405052611,0.9724896836313618,0.9724896836313618,0.856969696969697,0.856969696969697
6,inspection,120,1413,1413,1364,1364,0.6291969696969697,0.6291969696969697,0.9527295494497555,0.9527295494497555,0.9653220099079972,0.9653220099079972,0.5786666666666667,0.5786666666666667
7,infeed,120,1473,1473,1473,1473,0.7488636363636364,0.7488636363636364,0.9536874051593324,0.9536874051593324,1.0,1.0,0.7141818181818183,0.7141818181818183
7,machining,120,1468,1468,1423,1423,0.9614848484848485,0.9614848484848485,0.9253364430016704,0.9253364430016704,0.9693460490463215,0.9693460490463215,0.8624242424242423,0.8624242424242423
7,inspection,120,1422,1422,1371,1371,0.6333333333333333,0.6333333333333333,0.9525358851674641,0.9525358851674641,0.9641350210970464,0.9641350210970464,0.5816363636363636,0.5816363636363636
8,infeed,120,1453,1453,1453,1453,0.7392424242424243,0.7392424242424243,0.952982168477147,0.952982168477147,1.0,1.0,0.7044848484848485,0.7044848484848485
8,machining,120,1448,1448,1412,1412,0.9495303030303031,0.9495303030303031,0.9242209066683688,0.9242209066683688,0.9751381215469613,0.9751381215469613,0.8557575757575758,0.8557575757575758
8,inspection,120,1411,1411,1367,1367,0.6290151515151515,0.6290151515151515,0.9516560279417078,0.9516560279417078,0.9688164422395464,0.9688164422395464,0.579939393939394,0.579939393939394
9,infeed,120,1415,1415,1415,1415,0.7211212121212122,0.7211212121212122,0.9513804261041309,0.9513804261041309,1.0,1.0,0.6860606060606061,0.6860606060606061
9,machining,120,1410,1410,1357,1357,0.9263939393939394,0.9263939393939394,0.9224428379837101,0.9224428379837101,0.9624113475177305,0.9624113475177305,0.8224242424242425,0.8224242424242425
9,inspection,120,1357,1357,1306,1306,0.6029545454545454,0.6029545454545454,0.9547933157431838,0.9547933157431838,0.9624170965364776,0.9624170965364776,0.5540606060606061,0.5540606060606061
10,infeed,120,1468,1468,1468,1468,0.7478181818181818,0.7478181818181818,0.9517789123916038,0.9517789123916038,1.0,1.0,0.7117575757575757,0.7117575757575757
10,machining,120,1463,1463,1436,1436,0.9546818181818182,0.9546818181818182,0.9287562094303989,0.9287562094303989,0.9815447710184553,0.9815447710184553,0.8703030303030305,0.8703030303030305
10,inspection,120,1435,1435,1377,1377,0.6394242424242425,0.6394242424242425,0.9520875787877351,0.9520875787877351,0.9595818815331011,0.9595818815331011,0.5841818181818181,0.5841818181818181
